-- database: :memory:
CREATE TABLE IF NOT EXISTS `UserTypes` (`userType_ID` INTEGER PRIMARY KEY, `role` VARCHAR(255) NOT NULL, `createdAt` DATETIME NOT NULL, `updatedAt` DATETIME NOT NULL);
INSERT INTO UserTypes VALUES(1,'Admin','2025-03-03 08:30:59.532 +00:00','2025-03-03 08:30:59.532 +00:00');
INSERT INTO UserTypes VALUES(2,'User','2025-03-03 08:31:07.317 +00:00','2025-03-03 08:32:10.789 +00:00');

CREATE TABLE IF NOT EXISTS `Users` (`user_ID` INTEGER PRIMARY KEY, `username` VARCHAR(255) NOT NULL, `password` VARCHAR(255) NOT NULL, `joinDate` DATETIME, `userType_ID` INTEGER NOT NULL REFERENCES `UserTypes` (`userType_ID`), `createdAt` DATETIME NOT NULL, `updatedAt` DATETIME NOT NULL);
INSERT INTO Users VALUES(1,'admin','root123','2025-03-03 08:33:55.688 +00:00',1,'2025-03-03 08:33:55.689 +00:00','2025-03-03 08:33:55.689 +00:00');
INSERT INTO Users VALUES(2,'nat2806','280648','2025-03-03 08:34:12.014 +00:00',2,'2025-03-03 08:34:12.014 +00:00','2025-03-03 08:34:50.051 +00:00');

CREATE TABLE IF NOT EXISTS `Customers` (`customer_ID` INTEGER PRIMARY KEY, `name` VARCHAR(255) NOT NULL, `email` VARCHAR(255) NOT NULL, `phone` VARCHAR(255) NOT NULL, `address` VARCHAR(255) NOT NULL, `user_ID` INTEGER NOT NULL REFERENCES `Users` (`user_ID`), `createdAt` DATETIME NOT NULL, `updatedAt` DATETIME NOT NULL);
INSERT INTO Customers VALUES(1,'Nattawut Prasong','2nat87972@gmail.com','0637809503','124 ม.3 สระแก้ว',2,'2025-03-03 08:37:08.457 +00:00','2025-03-03 08:37:08.457 +00:00');
INSERT INTO Customers VALUES(2,'ART','nat87972@gmail.com','0637809503','124 ม.3 สระแก้ว',2,'2025-03-03 08:38:25.571 +00:00','2025-03-03 08:38:25.571 +00:00');
INSERT INTO Customers VALUES(3,'test','test@email.com','0800001234','1234 สระแก้ว',1,'2025-03-03 09:19:50.877 +00:00','2025-03-03 09:19:50.877 +00:00');

CREATE TABLE IF NOT EXISTS `Suppliers` (`supplier_ID` INTEGER PRIMARY KEY, `name` VARCHAR(255) NOT NULL, `email` VARCHAR(255) NOT NULL, `phone` VARCHAR(255) NOT NULL, `createdAt` DATETIME NOT NULL, `updatedAt` DATETIME NOT NULL);
INSERT INTO Suppliers VALUES(1,'Ascenti Resource','nat87972@gmail.com','0637809503','2025-03-03 08:39:06.498 +00:00','2025-03-03 08:39:06.498 +00:00');
INSERT INTO Suppliers VALUES(2,'Synnex','synnex@email.com','027770216','','');

CREATE TABLE IF NOT EXISTS `Category` (`category_ID` INTEGER PRIMARY KEY, `name` VARCHAR(255) NOT NULL, `createdAt` DATETIME NOT NULL, `updatedAt` DATETIME NOT NULL);
INSERT INTO Category VALUES(1,'CPU','2025-03-03 08:40:48.982 +00:00','2025-03-03 08:40:48.982 +00:00');
INSERT INTO Category VALUES(2,'GPU','2025-03-03 08:40:55.072 +00:00','2025-03-03 08:40:55.072 +00:00');

CREATE TABLE IF NOT EXISTS `Brands` (`brand_ID` INTEGER PRIMARY KEY, `name` VARCHAR(255) NOT NULL, `createdAt` DATETIME NOT NULL, `updatedAt` DATETIME NOT NULL);
INSERT INTO Brands VALUES(1,'Intel','2025-03-03 08:42:32.398 +00:00','2025-03-03 08:42:32.398 +00:00');
INSERT INTO Brands VALUES(2,'ASUS','2025-03-03 08:42:44.109 +00:00','2025-03-03 08:42:44.109 +00:00');

CREATE TABLE IF NOT EXISTS `Products` (`product_ID` INTEGER PRIMARY KEY, `name` VARCHAR(255) NOT NULL, `brand_ID` VARCHAR(255) NOT NULL REFERENCES `Brands` (`brand_ID`), `category_ID` INTEGER NOT NULL REFERENCES `Category` (`category_ID`), `unitPrice` FLOAT NOT NULL, `stockQty` INTEGER NOT NULL, `supplier_ID` INTEGER NOT NULL REFERENCES `Suppliers` (`supplier_ID`), `img_url` VARCHAR(255) NOT NULL, `specDetail` VARCHAR(255) NOT NULL, `createdAt` DATETIME NOT NULL, `updatedAt` DATETIME NOT NULL);
INSERT INTO Products VALUES(1,'Core Ultra 9 285K','1',1,20000.0,150,2,'','','2025-03-03 08:47:14.371 +00:00','2025-03-03 08:47:14.371 +00:00');
INSERT INTO Products VALUES(2,'ROG RTX5080','2',2,35000.0,85,1,'','','2025-03-03 08:48:01.396 +00:00','2025-03-03 08:48:33.066 +00:00');
INSERT INTO Products VALUES(3,'Core Ultra 7 265K','1',1,17000.0,20,2,'','','','');
INSERT INTO Products VALUES(4,'Core Ultra 7 265K','1',1,17000.0,20,2,'','','','');
INSERT INTO Products VALUES(5,'Core Ultra 7 265K','1',1,17000.0,20,2,'','','','');
INSERT INTO Products VALUES(6,'Core Ultra 7 265K','1',1,17000.0,20,2,'','','','');

CREATE TABLE IF NOT EXISTS `Status` (`status_ID` INTEGER PRIMARY KEY, `statusName` VARCHAR(255) NOT NULL, `createdAt` DATETIME NOT NULL, `updatedAt` DATETIME NOT NULL);
INSERT INTO Status VALUES(1,'Complete','2025-03-03 08:49:46.022 +00:00','2025-03-03 08:49:46.022 +00:00');
INSERT INTO Status VALUES(2,'Fail','2025-03-03 08:49:59.102 +00:00','2025-03-03 08:49:59.102 +00:00');
INSERT INTO Status VALUES(3,'Pending','2025-03-03 08:50:12.119 +00:00','2025-03-03 08:50:12.119 +00:00');

CREATE TABLE IF NOT EXISTS `Orders` (`order_ID` INTEGER PRIMARY KEY, `customer_ID` INTEGER NOT NULL REFERENCES `Customers` (`customer_ID`), `orderDate` DATETIME, `totalAmount` FLOAT NOT NULL, `status_ID` INTEGER NOT NULL REFERENCES `Status` (`status_ID`), `createdAt` DATETIME NOT NULL, `updatedAt` DATETIME NOT NULL);
INSERT INTO Orders VALUES(1,1,'2025-03-03 08:52:27.233 +00:00',55000.0,1,'2025-03-03 08:52:27.233 +00:00','2025-03-03 08:52:27.233 +00:00');
INSERT INTO Orders VALUES(2,2,'2025-03-03 08:52:41.823 +00:00',40000.0,1,'2025-03-03 08:52:41.823 +00:00','2025-03-03 08:53:19.306 +00:00');

CREATE TABLE IF NOT EXISTS "OrderDetails" (`orderDetail_ID` INTEGER PRIMARY KEY, `order_ID` INTEGER NOT NULL REFERENCES `Orders` (`order_ID`), `product_ID` INTEGER NOT NULL REFERENCES `Products` (`product_ID`), `quantity` INTEGER NOT NULL, `unitPrice` FLOAT NOT NULL, `subtotal` FLOAT NOT NULL, `createdAt` DATETIME NOT NULL, `updatedAt` DATETIME NOT NULL);
INSERT INTO OrderDetails VALUES(1,1,1,1,20000.0,20000.0,'2025-03-03 09:06:49.693 +00:00','2025-03-03 09:06:49.693 +00:00');
INSERT INTO OrderDetails VALUES(2,1,2,1,35000.0,35000.0,'2025-03-03 09:07:05.675 +00:00','2025-03-03 09:07:05.675 +00:00');
INSERT INTO OrderDetails VALUES(3,2,1,2,20000.0,40000.0,'2025-03-03 09:07:27.519 +00:00','2025-03-03 09:07:27.519 +00:00');